{
    "0": {
        "average": 0.2425661849615729,
        "std": 0.148106530402402
    },
    "1": {
        "average": 0.2778168616122946,
        "std": 0.35232340727009964
    },
    "2": {
        "average": 0.2435327366212913,
        "std": 0.3016318652730961
    },
    "3": {
        "average": 0.14301707325443105,
        "std": 0.2118824080926021
    },
    "4": {
        "average": 0.14521270271296924,
        "std": 0.17616521194034834
    },
    "5": {
        "average": 0.19042062579901392,
        "std": 0.19778975357887169
    },
    "6": {
        "average": 0.4760417949669538,
        "std": 0.23921876087425578
    }
}